passenger_id,passenger_key,age_band,gender
P1000,031a60e86398d41d,35-54,F
P1001,61d0f276b7160f04,0-17,M
P1002,c5baeafae225ad4d,55+,M
P1003,eeae6e0fb3e9e763,55+,F
P1004,6533dc26f5dafb4a,18-34,M
P1005,eb2dfae377ce8e90,55+,M
P1006,6db11620a17d5f39,55+,M
P1007,6be38161a7cef8c4,55+,M
P1008,79d3e921288b3e1e,55+,M
P1009,f22c8323f1e52afb,55+,M
P1010,1c77e2c0ae663dbb,18-34,M
P1011,c778c14fe604ebd8,0-17,M
P1012,b452f773ffff3926,18-34,M
P1013,b096a49f02366632,35-54,M
P1014,c779f512085d3304,0-17,F
P1015,79bfd5dc59b585de,55+,F
P1016,a41aa336bdc7df1d,18-34,M
P1017,cb4595eab2647a24,35-54,F
P1018,dd9d5b3ecfa8ddc2,0-17,F
P1019,ad18c2be469e3664,55+,M
P1020,4106a53da67785e5,55+,M
P1021,e0e2366795c5e097,18-34,M
P1022,cfe9e2dabda33285,18-34,F
P1023,b502debe7f09d395,55+,F
P1024,9ab181240ed03a05,55+,M
P1025,06cf5fba4db048c6,18-34,M
P1026,a3a748f0e1d1d031,55+,M
P1027,8fe4a9cee575ed16,35-54,F
P1028,323969a7963eafc6,55+,F
P1029,30526d8cf7234489,35-54,F
P1030,48d0441e3c09dcd5,55+,F
P1031,93847cd98056474b,55+,M
P1032,93ed78d28301c604,0-17,M
P1033,bf96c740475045fb,55+,M
P1034,e3db7804c5e9aca9,55+,M
P1034,e3db7804c5e9aca9,55+,M
P1035,5e19490d12047195,35-54,F
P1036,6ec4e1e528492a65,55+,F
P1037,04c31ead0dacb627,35-54,M
P1038,7eaf6cc62251837e,55+,M
P1039,bef65d5816919aa8,55+,F
P1040,5b64e90446f263c7,0-17,M
P1041,ce0196be80de68aa,35-54,F
P1042,c41e22451e59b0e9,0-17,M
P1043,5401007eaa7f94ad,18-34,M
P1044,86440084cd4e8eb1,55+,M
P1045,d0cc71254d0d0f29,35-54,M
P1046,22835d7fd4e73000,18-34,M
P1047,c6426f3821621a96,0-17,M
P1048,02ea7959f1cef0cf,55+,M
P1049,e1983cc03bd1e15f,55+,F
P1050,91d46efeb9c1ecd9,0-17,F
P1051,c3b65a7f63cdf907,0-17,F
P1052,e71aecf5c85c1563,35-54,F
P1053,871dfa1b8e0501d5,0-17,F
P1054,7479b485d6c497f2,55+,M
P1055,579c05dbb5c7c7fa,55+,M
P1056,9e2f9c24c28060df,55+,F
P1057,c24146553498b111,35-54,M
P1058,c1a316f03b3ae5a2,0-17,F
P1059,0669854a969bcd54,35-54,F
P1060,be968607e3d4af09,35-54,M
P1061,b47b4015cd417df2,55+,M
P1062,98c32c82462e2f70,55+,M
P1063,44095b416ec47fb2,35-54,F
P1064,cf1e1d2dbc1d7159,35-54,M
P1065,44f4c40b2d4180be,0-17,F
P1066,65a2662c1c42b221,0-17,F
P1067,ea46dd84b5852d6a,0-17,F
P1068,2160872f2e614a13,35-54,M
P1069,19e6df3eeb202a02,0-17,M
P1070,10ec5467b62dbd27,35-54,F
P1071,8e3db6260921f94b,55+,M
P1072,08cb2d3a1162156f,18-34,M
P1073,af515aa38deed73c,35-54,M
P1074,066e3f7ad551ebc8,18-34,F
P1075,a741b6dd8a5b8f15,55+,F
P1076,cf0bd36b153a266e,55+,M
P1077,56ac957fbf6d574a,0-17,F
P1078,a965c821df17a512,35-54,M
P1079,22f5364f6c8f0c8d,0-17,M
P1080,e28db43493031d33,55+,M
P1081,2fa8ad9bc1180c9e,55+,M
P1082,fff5e2b2b327cbbb,55+,F
P1083,906ea2a505d51fd4,55+,F
P1084,c9a061d04a6e0a5d,35-54,F
P1085,588df506ea4da583,55+,M
P1086,59bb3895ec6cab84,55+,M
P1087,20b9e93328f9dc45,55+,M
P1088,5f15e3dfcafa4e50,35-54,F
P1089,9f2f59aa1afc6e3e,18-34,M
P1090,89b838af3563d06b,18-34,F
P1091,a5f805bedc69ac04,55+,F
P1092,6f2e7545bf6891bc,55+,F
P1093,e97a5097f13547f7,35-54,F
P1094,88ef79684e5b90ab,18-34,F
P1095,eea59efe826221c1,0-17,F
P1096,a127a8803a3e57ff,35-54,M
P1097,804ac90b07e39e12,55+,M
P1098,a283a09aa25e7484,55+,F
P1099,8249f45e7acc37f4,55+,F
P1100,89fef259b03bd24a,0-17,M
P1101,bfaab51e35ad7b3d,55+,F
P1102,63ac4a24e48cfe89,0-17,F
P1102,63ac4a24e48cfe89,0-17,F
P1103,24fc7c6096a40eed,0-17,M
P1104,3a1ef3bd6458cdd8,55+,F
P1104,3a1ef3bd6458cdd8,55+,F
P1104,3a1ef3bd6458cdd8,55+,F
P1105,10d6d6ecb2a19a22,55+,F
P1106,4f71e4b68e1c4f75,0-17,F
P1107,a67fe15ec195c075,55+,M
P1108,696200fd839848b1,0-17,M
P1108,696200fd839848b1,0-17,M
P1109,f1d739f512c450f9,35-54,M
P1110,9c17e0c3a343e7d8,35-54,F
P1111,ee3da88980fa26db,18-34,F
P1112,c738cacf8050444d,0-17,M
P1113,c30107be7574bf25,35-54,F
P1114,c7ccf6a417208a4d,18-34,F
P1115,c4ee8c15b7b11fb6,0-17,F
P1116,f82a60e2bbf27d94,55+,F
P1117,310dc04b8b2e90cc,55+,F
P1118,ccdb01a2d78f0fbd,0-17,M
P1119,c3dff13cf88641c7,18-34,F
P1120,2dc43d859714a78e,18-34,M
P1121,9e7e782126568ca4,35-54,F
P1122,5c67efc01eb595f2,18-34,M
P1123,e2c4ba708d3aa844,55+,F
P1124,350e0f62c4ee9419,55+,M
P1125,3c5a756d3cd50af2,35-54,F
P1126,5858bc7ccd523f52,35-54,M
P1127,8a2fb82f4b37d5ce,55+,F
P1128,9c8b72e9309f1ca4,35-54,M
P1129,0211dba0308362d0,55+,F
P1130,5f77afa3d4c2de29,35-54,M
P1131,085cac3f18db7c3b,55+,M
P1132,9c2461755b69c4ab,0-17,F
P1133,e258099877a0dfa8,0-17,F
P1134,94d09aefe5b03785,0-17,M
P1135,3002d4d79ac294e9,0-17,F
P1136,a23a32c91af035e1,18-34,M
P1137,636e3ffecb1f7eae,0-17,M
P1138,f1f58d998de0d7ee,55+,M
P1139,ddb723773923fb83,0-17,F
P1140,9b57b5fc7625f88f,35-54,M
P1140,9b57b5fc7625f88f,35-54,M
P1141,8a6f76d252309477,55+,M
P1141,8a6f76d252309477,55+,M
P1142,51a7fa0dd59bfd6d,35-54,F
P1143,fe31257e17d3e905,55+,F
P1144,5aa3a0cdf5c964b0,35-54,F
P1145,9feaf3cbcf88f00a,0-17,F
P1146,69a6cc9a43e3fa4f,18-34,M
P1147,04bbea631794eeba,0-17,M
P1148,f20ce3cb543f67bc,35-54,M
P1149,8c032fa2e7fa614d,18-34,M
P1150,d919d64853c17571,35-54,F
P1151,ef37de264f43134b,0-17,M
P1152,448e628481ab8a83,18-34,M
P1153,3f715847a9392ecb,55+,F
P1154,d75c257d39aa173e,55+,M
P1155,b92071c63156ca50,55+,M
P1156,ed8e122bd68a5698,18-34,M
P1157,4a6add987cf788a4,55+,M
P1158,2a70a1e3d06827e2,35-54,M
P1159,b4954eb5f8adac01,35-54,M
P1160,da273dc1a032c585,55+,F
P1161,cdc2e6ec383396f6,55+,F
P1162,2422ac137399fb00,0-17,M
P1163,98f64af87828e68c,18-34,M
P1164,d6924f8f6cbec09c,18-34,F
P1165,8f17adbeae4fc7c3,35-54,M
P1166,fb96f6804a99a12f,55+,M
P1167,ced36cbc027c7f03,18-34,M
P1168,593fee80959859d7,55+,F
P1169,bfae7d5e9f0627aa,55+,M
P1170,10001017dbdb645c,55+,F
P1171,11e7405e976ffe2f,55+,M
P1172,872ce3ad7cd88dc9,0-17,F
P1173,d74aca86f92c65ca,18-34,F
P1174,a18c8d61292fbac0,55+,M
P1175,664e6259d692132a,55+,F
P1176,bf48561cbe6354bd,0-17,M
P1177,f5e5a48665b27bc2,55+,F
P1178,9cdc77171c559a43,55+,M
P1178,9cdc77171c559a43,55+,M
P1179,2a9ba5ba82be53cb,18-34,M
P1180,54a5a8bf692038b5,0-17,F
P1181,31992dce7e9c9433,55+,M
P1182,851bc6d69e11741e,35-54,M
P1183,f30bcb86e2639e8a,35-54,F
P1184,fdcfb58a86ee16c2,35-54,M
P1185,120b27eb84582f37,18-34,M
P1186,6e3bf1fbe8842e4f,55+,F
P1187,d4b256a73ebbf0e5,55+,F
P1188,bb0d8aec406fa066,18-34,M
P1189,e911937ab6b917b5,55+,M
P1190,3899f2cee880c639,35-54,F
P1191,687eea855b2141c9,55+,F
P1192,47cde9ac574dea55,55+,M
P1193,3d3cfec6f98ca0b3,35-54,F
P1194,6da5c98a0e976031,0-17,M
P1195,d1d80b986ad4f3aa,35-54,M
P1196,2ecf542bc3058af0,0-17,M
P1197,4501ed1c58dd1fd2,0-17,M
P1198,a3f9db27c556b278,55+,M
P1199,2af52ca08bb9fbb8,55+,F
P1200,826d7eee04de5765,55+,F
P1201,34cb09016abab11b,0-17,F
P1202,1ad9508f8d51fe4d,0-17,F
P1203,383b01dfc4b4451a,35-54,M
P1204,e958f2dc756a3c1c,55+,M
P1205,dbe9cc3aec6ee0cc,0-17,M
P1206,f6d76e21aea6b49d,18-34,M
P1207,1beed7d23e2d1c49,0-17,F
P1208,d7828af53487e3e7,35-54,M
P1209,bdc50ba48d0be6aa,35-54,M
P1210,022b671b6c1a787f,18-34,F
P1211,df5b29f2ff7bba86,55+,F
P1212,d3246c0f5d623a71,18-34,F
P1213,479494608e848a1d,55+,F
P1214,304f4d73814c7a52,55+,M
P1215,e60442d25bc5f693,55+,M
P1216,70a5bef1dba0a1f8,55+,F
P1216,70a5bef1dba0a1f8,55+,F
P1217,252b1f4fb0c859e1,0-17,M
P1218,dfc6b0d0a6818f3d,35-54,M
P1219,f578969533b3f6b3,18-34,M
P1220,9eabf0d062f2e17b,55+,F
P1221,dab551ca1c235e7c,55+,M
P1222,50199e82687945a4,55+,F
P1223,03b33537d8a0c7ab,0-17,M
P1224,bf52b129e3eaf405,0-17,M
P1225,680933683d565020,55+,M
P1226,360aedd4c530685d,55+,F
P1227,2e06fe05d97653f3,55+,M
P1228,af73e26b43f653fd,55+,F
P1229,1aa298804347e327,0-17,F
P1230,afbe1d334c79478b,18-34,F
P1231,6dbf5c97b3972bc3,55+,M
P1232,e418a33441293cc1,35-54,M
P1233,36de8c394ea20850,18-34,M
P1234,11bfb207a6af40b8,55+,M
P1235,5f7e0863cdbd3370,18-34,F
P1236,2be53f3729889579,18-34,F
P1236,2be53f3729889579,18-34,F
P1237,f783d91c35c82895,55+,F
P1238,23d2a290c26dccd5,35-54,M
P1239,d89f457da2c18257,18-34,F
P1240,ccc098f9b3016d60,35-54,M
P1241,111d44677eca30b0,35-54,F
P1242,29cf2d89c3589449,55+,M
P1243,2b02232c958f1607,0-17,M
P1244,0b411ee3ec9648d9,0-17,F
P1245,bf4ff98420fadf43,55+,F
P1246,d02be7417e51fe75,55+,F
P1247,6ab8a8743eee13a3,35-54,F
P1248,7fb7ffdbd85a3ce3,18-34,M
P1249,29b1d4689d2d492e,18-34,F
P1250,c06f7e72b998fc9e,35-54,F
P1251,54a9645bd4276951,0-17,F
P1252,88659952d7f5e68c,0-17,M
P1252,88659952d7f5e68c,0-17,M
P1253,d89496e015069848,55+,M
P1254,54880709cf829c2d,0-17,F
P1255,3e07b24d68cceb8f,0-17,M
P1256,5759cbbd9ff560db,35-54,F
P1257,6a614ec471009595,0-17,M
P1258,5a9ab6e12ec4e942,55+,M
P1259,b11b2b07b8e9e629,35-54,M
P1260,bc76842e61ebedca,18-34,M
P1261,a30633b70ec54da3,0-17,F
P1262,5ec00c52e5294492,18-34,F
P1263,0271a1d8f8a99a20,35-54,F
P1264,f544e84b3ee2afb7,55+,M
P1265,3c8495b8071ff5be,0-17,F
P1266,3803ac7fb64c7eeb,18-34,F
P1267,78021f5e58967b66,18-34,F
P1268,d3b928029d494708,35-54,M
P1269,bfbd09d804a4325c,18-34,M
P1270,9a57d7ee1548ab67,18-34,M
P1271,b946ce82312468e7,55+,F
P1272,d875da9e30d8c13c,55+,F
P1273,0b711589c85c0598,35-54,F
P1274,025863560afc7b8c,35-54,M
P1275,299bf2b46c2d2014,55+,M
P1276,40c03dbcde9c7d0f,55+,F
P1277,d9b6a9917a89ffe7,18-34,M
P1278,e34d7953edffb5aa,18-34,M
P1279,856bbb0eb3f62ba5,55+,M
P1280,142269fb0b4837a6,55+,M
P1281,8902a17473b6c437,35-54,F
P1282,a5d7ccdbaa33ef6a,35-54,M
P1283,15474c9cee1beba2,55+,M
P1284,92eb1a7f77b6b0b1,55+,M
P1285,ab354da3fa71b24d,35-54,M
P1286,d0ddeec2f73049c6,18-34,F
P1287,83c85f81da982d4c,55+,F
P1288,ef8c824a356b9f1c,18-34,M
P1289,b68bc56e81ae3ddb,0-17,M
P1290,08198b0acd2a75c2,18-34,M
P1291,24cc460298985b5a,35-54,M
P1292,a29b0b8a8a5283bc,18-34,M
P1293,79b28ae955b3e4fe,0-17,M
P1294,f87eec8033c9a4a2,0-17,F
P1295,80585c698e1ff4e3,55+,M
P1296,05eea77c075ff732,0-17,F
P1297,b4b2afa486548039,18-34,F
P1298,fb8fab599298ca76,35-54,M
P1299,ed0d591e1541e972,55+,F
P1300,cf1439f7f4c5ac45,55+,F
P1301,2f421b3dbb240a28,55+,F
P1302,529dec5beaa31232,18-34,F
P1303,04dc00943c6cc896,18-34,F
P1304,048c0b96060f4d3b,35-54,F
P1305,1e78041380d764e5,35-54,M
P1306,745580e3e72a6d67,35-54,F
P1307,7acaa29fea4b5316,0-17,F
P1308,2d39469ee325a2c3,18-34,F
P1309,e28d79bc75f4ce24,18-34,M
P1310,f0260781fb2aba4e,18-34,F
P1311,75889cacbe326205,18-34,M
P1312,37f70e517d13b58c,18-34,F
P1313,2b4f9a36a08983a0,55+,M
P1314,3f99f09b8067da26,55+,M
P1315,1e5b5e5e2726e92d,55+,F
P1316,1244258127ff3e4e,35-54,F
P1317,100f06a7bac943af,18-34,M
P1318,7ea67ab0080ed1ab,0-17,F
P1319,f15c5a7ae439f4d0,35-54,M
P1320,a4da1fcf2618f75c,55+,M
P1321,b0bfe7ea76889d4b,35-54,M
P1322,fff87090542f8b51,0-17,M
P1323,bd0ef7ac351464ae,35-54,M
P1324,ea2b1af5291e12c0,18-34,F
P1325,9fca29bf66969aa3,35-54,M
P1326,b9b32695ba2e1d29,0-17,M
P1327,0a093d698b33ad8f,35-54,F
P1328,bb7774ccaf953afb,18-34,M
P1329,b4fdf273d54b2ade,35-54,F
P1330,2d8aa20384aacb9b,35-54,F
P1331,acaa798e8ab832a8,55+,F
P1331,acaa798e8ab832a8,55+,F
P1332,901331ea90015d4b,55+,M
P1333,576f2b5c5c776cbe,55+,M
P1334,c9ed8557564494bb,18-34,M
P1335,d1406331ab9ef39a,55+,F
P1336,925ec241dafb2b93,18-34,M
P1337,3690dd88fd47d82e,55+,F
P1338,e7e2fd3e0f43413b,18-34,M
P1339,e0d8c1e25660b0d0,18-34,F
P1340,7e41938799d4afd4,35-54,M
P1341,a4df934159e17c6f,55+,M
P1342,2931a606a61afdcb,55+,M
P1343,87979b85c18377fa,35-54,F
P1344,0e711df54c5a4d52,18-34,F
P1345,6146a37de4a35d49,18-34,M
P1346,ccf9bd5ff5d83a19,35-54,M
P1347,acb156fb7ddfad77,55+,F
P1348,a4621f35fd3231fb,18-34,F
P1349,07a3446b70aa29f8,55+,F
P1350,cfc35c9d3cd9f8de,18-34,M
P1351,ff421e0eb5002c2a,0-17,F
P1352,95ad0f4b0913dec3,0-17,M
P1353,5d042d25d06d51fb,18-34,F
P1354,f820bcabe2cfa92b,0-17,M
P1355,e34896f79a0e0759,35-54,F
P1356,8d8f20ae93511da1,35-54,F
P1357,0e5000ef0f412921,35-54,F
P1358,9c0013f4322332d2,35-54,F
P1359,1512a5baf5e3aa4d,18-34,F
P1360,9bac6b18c15bfdb3,35-54,M
P1361,2b4d0c8fdf599c05,18-34,F
P1362,fed7830ab27aed68,18-34,F
P1363,cd5edf67052a03de,0-17,F
P1364,253e3decf26bba87,55+,M
P1365,c5435a1fb7228397,0-17,F
P1366,e4a82b2a713097e6,55+,M
P1367,b48fae1fbcbcd5a9,35-54,F
P1368,e6450104d06644bf,35-54,F
P1369,9fc95a8fd9fe12d5,18-34,M
P1370,42b87e547dae3cf7,55+,F
P1371,7e8681b0b5dcad0d,0-17,M
P1372,051179b157321a62,0-17,M
P1373,460b5a5ad37a1308,0-17,F
P1374,34c50cae2a69e63d,55+,M
P1375,300e516422f3080e,55+,F
P1376,b86c4bf1fa01ec51,0-17,F
P1377,e99a397d871abe71,55+,M
P1378,c4815f266028f068,18-34,M
P1379,dddedd8a74bbafef,55+,M
P1380,0c217e152ccd55f1,55+,M
P1381,d181fb10cd0eb2f6,55+,F
P1382,013d99516c3b5284,35-54,F
P1383,b56dbde0e0be2b56,18-34,M
P1384,33ea68b459868b9c,55+,F
P1385,b10cca87bf39c243,55+,F
P1386,5aadc6c083027b2b,55+,F
P1387,7ae0a3e744a2bd37,18-34,F
P1388,37b790ac45eacb4d,55+,M
P1389,6ca38ffc450ae622,55+,M
P1390,081a2b17323ae201,55+,F
P1391,4e93da8edd75970a,35-54,M
P1392,e453e79b699aadfa,35-54,M
P1393,c4373c1b39af67a8,35-54,M
P1394,5db4e5dc07ac3fe8,55+,F
P1395,ec0811c1674ac798,0-17,F
P1396,0e699f0e06c390e5,35-54,F
P1397,e1688c6ebc004780,55+,M
P1398,67bd3af4aca1935d,0-17,F
P1399,1912700de81700fc,35-54,F
P1400,b3e6d1ab51a6c153,55+,M
P1401,6c3dd074cca84038,0-17,F
P1402,badbc8cd2f0a1abb,55+,F
P1403,68817845c7bde67e,0-17,M
P1404,705e8a54ff06745a,35-54,M
P1405,057f584babdcf5f8,55+,M
P1406,fe8378226aea284f,35-54,F
P1407,cb8500518a266d0a,35-54,F
P1408,dc93ed732046e4d5,0-17,F
P1408,dc93ed732046e4d5,0-17,F
P1408,dc93ed732046e4d5,0-17,F
P1409,6c0423de651123c9,0-17,M
P1410,ceedeba768ebedbf,18-34,M
P1411,493f03c091f1bb5b,18-34,F
P1412,109ca04420be7bd4,0-17,F
P1413,090523303005a255,55+,M
P1413,090523303005a255,55+,M
P1414,e0c4ae7c95c83413,18-34,M
P1415,2382878de2393831,55+,M
P1416,b0b0967aa76f93a1,55+,M
P1417,5e61dba3d3be01ce,55+,F
P1418,f6861027e97fd3c0,18-34,M
P1419,e3c878433ba57c2c,0-17,F
P1420,0e6bd3c6a7ea5235,0-17,F
P1421,ea9422e929a13d02,0-17,F
P1422,d79a34f57b1a7071,55+,M
P1423,4f0fcf7fa9722f71,0-17,M
P1424,671275e88f80ab66,18-34,M
P1425,ab9f8c049da17999,35-54,M
P1426,dc6fb047661bda2b,55+,F
P1427,c6595c4a92145df7,0-17,M
P1428,9a5d603fd6eacc40,0-17,M
P1429,c572be8c765284c0,55+,F
P1430,adf953b0aa847b51,55+,M
P1431,4ff00403397e83e7,55+,F
P1432,20e09fcd1bcdf6ad,55+,F
P1433,7cc494ed01333ca3,18-34,F
P1434,2289bf748e0e8ad0,55+,F
P1435,9c476f4d33fef5a4,55+,F
P1436,6d64c5db9320443a,18-34,F
P1437,74b5ac26638e5b28,0-17,F
P1438,d4ccbfadbe630f46,35-54,F
P1439,e3645aceaf7263fa,55+,M
P1440,c2f61e9be3d5b855,55+,M
P1441,dcadd8f9dc6e69db,18-34,M
P1442,9182058658b2ce97,55+,M
P1443,a2f706b6178c3f80,55+,F
P1444,547d9344fb2018b3,35-54,M
P1445,10760f5869cb3300,55+,F
P1446,419b628fc9ea162e,55+,M
P1447,06931cd777aeb4cc,55+,M
P1448,8dc928bdd6a7a790,0-17,M
P1449,1f48e7b58235f1c6,35-54,F
P1450,3137acd53e7393d6,55+,M
P1451,f2e1cb35b74d3669,35-54,F
P1452,a8d3a0706b90b361,18-34,F
P1453,fbfdae7167ca504f,18-34,M
P1454,0a7fd94c6462ec54,0-17,M
P1455,d79504b5e76ffb89,55+,M
P1456,f07254f86ec9f20e,18-34,F
P1457,4941ef25075264b2,35-54,M
P1458,80543c2b57396564,0-17,F
P1459,dd2315e37eac9292,18-34,F
P1460,ebd2de92b9184342,55+,M
P1461,533f7e3d8910c50b,0-17,M
P1462,72097e858425a287,55+,F
P1463,409613d90acdde04,0-17,F
P1464,2bddb7c7a8ab0f6d,0-17,F
P1465,71fc9efcf34b34c0,18-34,M
P1466,cbe07980b1f4550e,55+,F
P1467,3335200f8c13730c,0-17,M
P1468,41440d46752b89c5,18-34,F
P1469,9cb708f8e161bf3d,55+,F
P1469,9cb708f8e161bf3d,55+,F
P1470,9985af7cd23dbc3b,18-34,M
P1471,6613c11bef2f73d9,0-17,F
P1472,b39c38f919ba35ab,35-54,M
P1473,677104faba0eb37c,35-54,M
P1474,f5f696de2763d9f3,18-34,F
P1475,b8c912aa64008533,18-34,M
P1476,38faabe64e16f95c,55+,M
P1477,faaaa19b96962364,35-54,F
P1478,2a54a8854f5f1608,35-54,M
P1479,d24a620b4243d7b6,0-17,M
P1480,ef2ba29a00d2dd6d,55+,M
P1481,904f296ff2139cc8,55+,F
P1482,cd95778e61fcb9bc,18-34,M
P1483,5878c05908f7ccf9,35-54,F
P1484,40575ed9745986cd,55+,F
P1485,bb10550c0d068be3,35-54,M
P1486,d81720d125b14151,35-54,M
P1487,080a17634682e71c,18-34,M
P1488,511e7d9fa171e55e,0-17,F
P1489,f97a8413a487f6d5,0-17,M
P1490,24408563e5a55389,35-54,M
P1491,b0319151afd041ab,0-17,M
P1492,1e44d31c0ac77c9e,35-54,M
P1493,e8aa0f71dedccf91,55+,M
P1494,0f1a22c91d0f0def,55+,F
P1495,da15c99dc20d50e0,0-17,F
P1496,67455a9d4cfb6403,18-34,M
P1497,070c4bb71150965a,55+,M
P1498,5e9b06c3ee353ade,18-34,M
P1499,5a4937cb0594ecdc,0-17,M
P1500,eda3949b35498cd8,55+,F
P1501,69b5e68dd6e023bd,55+,M
P1502,8265fbf82c26f5f4,55+,F
P1503,a7885c0bc0f34d98,18-34,F
P1504,39d17754fbe94062,35-54,M
P1505,b3b2bddc4a1da019,55+,F
P1506,64f53d7e7225fc3d,18-34,F
P1507,ead35841a79fee27,35-54,F
P1508,6b4d39719085b563,0-17,F
P1509,9e58fcfa3c7034b0,55+,M
P1510,4cdb726a24e12081,18-34,M
P1511,e33f0ee497a4e367,55+,F
P1512,5283b565c90cc536,35-54,M
P1513,1fa22c4b51a16d10,35-54,M
P1514,dd0d4f009ccd8b20,55+,M
P1515,7d6e0117236bb59c,18-34,M
P1516,ff1e2165246f8ed2,18-34,M
P1517,42b4927dc60e6f0c,55+,F
P1518,e6dd98c385a1e09d,35-54,M
P1519,bf219043426100ec,0-17,M
P1520,598f3ecd29618917,55+,M
P1521,55281da3ebd6f483,0-17,M
P1522,bb9132d26cbca0e0,18-34,F
P1523,ad3bdf275e916fda,55+,F
P1524,155f615a79cd281d,18-34,F
P1525,55b87590861dc53a,0-17,F
P1526,704f2f60253518ef,55+,M
P1527,9238aed697b53737,55+,F
P1528,b7f4fe05ab8c194a,55+,M
P1529,344b1186310b77f6,55+,M
P1530,f2263e28156d59f1,0-17,M
P1531,061cbc880123b920,55+,M
P1532,8a3b05f6e9fd8490,18-34,M
P1533,9c98c8b1d89a4e55,35-54,F
P1534,6e32a20f3d30ee9e,0-17,F
P1535,7ff5d504e0d5d5b5,55+,F
P1536,fef3551179d3071c,18-34,F
P1537,d53bf95834e27066,55+,M
P1538,e118c8da2cb41a25,0-17,F
P1539,15258cca169e4b6f,55+,M
P1540,7f7a4a05ac7584dc,18-34,F
P1541,228617b3e082657a,55+,M
P1542,9e61fe0e86b4cad7,35-54,M
P1542,9e61fe0e86b4cad7,35-54,M
P1543,096ba8e06e5b018f,55+,F
P1544,4bcac5beac0efa88,0-17,M
P1545,b6212904303d11c8,55+,M
P1546,593ce4cd123b30ba,0-17,F
P1547,b5153a246a1e7343,18-34,M
P1548,ccaeb9c55d66d792,35-54,F
P1549,ff640ce10d9c6173,55+,F
P1550,5b46c230b44c531a,35-54,F
P1551,ff028e62663a2d3f,18-34,M
P1552,064818144b3ccab9,0-17,M
P1553,d78d33086a6ac709,55+,M
P1554,33448755f9a85861,35-54,F
P1555,1e373aeda1556f7d,35-54,M
P1556,d38568db2aa15311,35-54,F
P1557,c8666e35e4376147,55+,F
P1558,bba5061a33d739cf,35-54,M
P1559,d391d51a20b5d100,0-17,F
P1560,46c37b0969c071f4,0-17,M
P1561,f71b2e5840bdad5b,35-54,M
P1562,b7bdfefb74cf63d4,55+,M
P1563,8f17327a2f7fc8ca,55+,M
P1564,8537c2efa30e935d,18-34,M
P1565,4556bb39ded3dbfe,55+,F
P1566,8e26350544cae3f0,0-17,F
P1567,76164d843b4d1aba,55+,F
P1568,07a0259519eb0a80,55+,M
P1569,584be399b93f9a94,0-17,M
P1570,7f9551c5b1ad772e,0-17,M
P1571,d17c0b59d7288f09,35-54,F
P1572,92073a7e65d3d0c7,0-17,M
P1573,dc3fb38aab9df1c8,35-54,F
P1574,f74c7ceeba75df59,35-54,F
P1575,35430287391de581,0-17,M
P1576,8debcd3aea9b9245,35-54,M
P1577,d97e647363170435,18-34,F
P1578,4c76b2e19e760c73,55+,M
P1579,0569019098c7cf5a,0-17,F
P1580,63e1c2ff2767ca8c,18-34,M
P1581,805887bc8b269370,35-54,M
P1582,fbf5b8c199215f78,35-54,F
P1583,c89bdfca99ea63ec,55+,M
P1584,a3eaac136061dfe5,0-17,F
P1585,1d34e778618583a0,55+,M
P1586,b786ef2de7ab01cc,55+,F
P1587,3dae1d8ba6d69d9f,0-17,F
P1588,d1a1bf1d8dd5ff9e,55+,M
P1589,15baee0146c40812,55+,F
P1590,66f71a9732d47fbf,35-54,M
P1591,977c3154ed97450c,0-17,M
P1592,d14267f5fd25eae2,35-54,M
P1593,266db57c2806a8da,55+,F
P1594,09f49ca188dacbc0,18-34,F
P1595,63ff9a7aafe8e150,18-34,M
P1596,9c90f9d7d09cf46d,55+,M
P1597,07ff221d4ed12c40,35-54,F
P1598,b6699f1f75b07aaa,35-54,M
P1599,f759df6ba33b32ab,55+,M
P1600,653cdfb1325933b2,18-34,F
P1601,f0316f28ef6214df,35-54,M
P1602,a500ae03c00baf21,55+,F
P1603,0b40c4ed7240e82b,35-54,M
P1604,a8424e40f58a8f17,0-17,F
P1605,e2aecd9570718a88,55+,M
P1606,76283bc9f022ce43,18-34,M
P1607,822b841bc5b4a426,55+,F
P1608,e5b07d8face3853f,55+,M
P1609,26376445980d26bc,35-54,F
P1610,a95e4735d40f1b58,0-17,M
P1611,0569abad026a1d11,0-17,F
P1612,907899adc7befe7a,55+,F
P1613,cef0e879f29d08ed,55+,F
P1614,43162d4ec9ebb8ca,55+,F
P1615,2d65aaff1dc20486,18-34,M
P1615,2d65aaff1dc20486,18-34,M
P1616,c3b5a3d13ab79aa3,55+,M
P1617,68804d131b57c8e9,18-34,F
P1618,d871d6c1b0f4950d,35-54,F
P1619,6f3c941f2ea2181c,0-17,F
P1620,c4055698ececdbbf,55+,M
P1621,21e853f3600aad69,35-54,M
P1622,787d22fbd7d8f4f8,35-54,M
P1623,115eb0a83532e3d7,18-34,M
P1624,ee67d323fd980d2c,35-54,F
P1625,90b4e732ed7b857b,55+,F
P1626,0a318eedaae19df8,35-54,F
P1627,66ff10bdebab942a,18-34,M
P1628,8d7eeb17523b13f7,55+,M
P1629,05463a3a1fbb6b50,55+,M
P1630,118cbfc2ad904ae9,55+,F
P1630,118cbfc2ad904ae9,55+,F
P1631,d5169308ce3fd20e,35-54,F
P1632,95ed3a25932715f1,18-34,M
P1633,872c2d1f8a7597dd,18-34,F
P1634,026dc49da7e9c746,55+,M
P1635,7385cb41b4ff57a2,18-34,M
P1636,b17edebc21cc08a6,35-54,F
P1637,901b4abcd16372fd,35-54,M
P1638,7b6084460742c67c,0-17,F
P1639,0edb4edcab53e7bd,0-17,M
P1640,4765fe1a9979b9cb,18-34,F
P1641,7d9b9205eaa991d8,0-17,F
P1642,bc5fe68e5cdf84ae,35-54,F
P1643,79ad6f8cc65209e0,0-17,M
P1644,4c3a8fc84168a8bc,0-17,M
P1645,4efa49bff9c89314,55+,F
P1646,9520ad3d7a70d319,55+,F
P1647,3d2940729fbff853,55+,M
P1648,29b50a0cf1005354,0-17,M
P1649,4d998b3801810d72,55+,M
P1650,a0c14a5b58b31883,0-17,F
P1651,5c2ee892f9c113da,55+,M
P1652,d28a5ecd0c7360ca,55+,M
P1653,034a8767c4c3ac3a,18-34,F
P1654,5e7e23a4ca4cb432,18-34,M
P1655,ae639e6b01fba028,0-17,M
P1656,cbe5fc42338b5e6c,35-54,M
P1657,ae37fa4a6e4efefd,0-17,F
P1658,2c22b6bad0b7ae12,55+,F
P1659,9d45c506c68e3dca,55+,F
P1660,2eb714a730c43332,35-54,F
P1661,9585827735f88792,18-34,F
P1662,1da5ced675158aae,35-54,F
P1663,984e6bf675c3775a,55+,F
P1664,0c2667ac3ad287d5,18-34,M
P1665,73ee0bb4a2c155ae,55+,M
P1666,1b3e3bef08f0e2c0,0-17,F
P1667,bd1e755fb2c2ff5b,55+,M
P1668,bfd6fd9c1161a22d,18-34,M
P1669,c24a4cc8e48a711e,55+,F
P1670,7ae8dcbe94a54464,55+,M
P1671,02d9d27ae05319a4,18-34,M
P1672,fd4ebc9dc6ac0128,0-17,M
P1673,32e85bfac72838c9,35-54,M
P1674,569541aef05a35fd,35-54,M
P1675,841d6ff4bf515c14,0-17,F
P1676,e851077501cff6e3,55+,F
P1677,fb80277747aac668,55+,F
P1678,ff58ff6e9d3c881f,35-54,M
P1679,9ace1218d596c69b,18-34,F
P1680,30e4512135119c35,55+,M
P1681,ab64cb415612e62b,0-17,M
P1682,735846a90b8720be,55+,M
P1683,4427ee72006f5d38,18-34,M
P1684,85b1c6da6ecc9c62,0-17,F
P1685,4a76a0a822fa19ba,18-34,F
P1686,2244667f8f0e743a,55+,M
P1687,39d1daf0321a65a7,18-34,F
P1688,0dc9794bea46327c,35-54,M
P1689,d75a676921b0b5ba,0-17,F
P1690,9c2a76d8a61fe246,55+,F
P1691,63fe68f9c14d380c,18-34,M
P1692,39d03c4167d7676d,55+,F
P1693,2e77403b154c0332,55+,M
P1694,b50944dade76ec98,55+,F
P1695,f12779ec16519285,55+,M
P1695,f12779ec16519285,55+,M
P1696,afd81ec419f86cb4,18-34,M
P1697,3d817a3baaeab591,35-54,F
P1698,69fd58484aa6c379,55+,F
P1699,4247c8365843695e,18-34,M
P1700,a0c25461e64548f7,0-17,F
P1701,c70935e216f396d6,18-34,F
P1702,39d0aaae71bcfd7e,55+,M
P1703,d852af5fb259e5b8,0-17,M
P1704,42a4adc12f6a6b62,55+,F
P1705,ce67dbcfa56c14cf,55+,M
P1706,35427d11653d1912,0-17,M
P1707,fdff1477af852fb0,0-17,M
P1708,23096edfe0abf9f8,35-54,F
P1709,7a60f74e7368a5af,18-34,F
P1710,914fd328b6838ba3,35-54,M
P1711,9fd51ec914cef483,35-54,F
P1711,9fd51ec914cef483,35-54,F
P1712,577f534d3e32239b,55+,M
P1713,df490a5b11a24f7f,55+,F
P1714,371b766604274264,55+,M
P1715,6c78ca347eb017af,0-17,M
P1716,499e7285cc098ec7,55+,F
P1717,985284b17b79aa5a,55+,M
P1718,cb63a34e951c83ee,55+,F
P1719,4f298002003d87c1,0-17,F
P1720,0f5a2737d09644d6,35-54,M
P1721,92929313a7506963,35-54,M
P1722,be4fe960e3eb053e,55+,F
P1723,8254e5f65f739e58,0-17,M
P1724,b126a52f3502ee36,55+,M
P1725,d2d103f48be2ff0f,55+,M
P1726,b65304c929ac9ac9,18-34,M
P1727,8327c2ee1689aa6d,18-34,M
P1727,8327c2ee1689aa6d,18-34,M
P1728,3f6a683ad204b51f,55+,F
P1728,3f6a683ad204b51f,55+,F
P1729,0d1b4b4a2c0c15d9,35-54,F
P1730,61f8803a3134263d,18-34,M
P1731,db08aaf372fd832f,18-34,M
P1732,3df0ca3aa41da454,35-54,M
P1733,9094c77a593be048,0-17,F
P1734,9fbb20d09a8d2e8f,35-54,M
P1735,8785d97a49642176,0-17,F
P1736,e9dfb2b48762cfce,55+,F
P1737,63d8b957834d3c5d,35-54,F
P1738,40c119ce6fc328a5,0-17,M
P1739,d5e46f8f6f34c1db,55+,F
P1740,e255fff42d012796,0-17,M
P1741,1b785ebc8f4e1096,35-54,F
P1742,61864ff2276be466,18-34,M
P1743,4b6c0c8b02b248b3,55+,F
P1744,66093d2b239e0bdd,55+,M
P1745,d9f2821e819f4b76,0-17,F
P1746,22d376ef9d59991a,55+,M
P1747,d401b2a732461488,55+,M
P1748,88b590eeb1710624,35-54,M
P1749,7a8dbeb399925db3,35-54,M
P1750,99d69495beac97be,55+,F
P1751,ff7f8d23c95cbc9e,35-54,F
P1752,2426b0a2227ebf71,35-54,M
P1753,3637cf9c2a0f3c44,55+,F
P1754,c8825a62bdff38dd,18-34,M
P1755,b63f0c822b6e830a,55+,M
P1756,0179073eea13ca75,35-54,F
P1757,7367c04f52253973,55+,M
P1758,255778825079acb5,35-54,M
P1759,6feadb7c95cc2e3f,35-54,F
P1760,3d686e842d77285c,55+,M
P1761,91314f1d9954d359,55+,M
P1762,2a07d49e429c2a72,18-34,M
P1763,ca29a5adcbf04535,35-54,M
P1764,d73e5d2c4c0077f0,55+,F
P1765,bc683045521964cc,0-17,F
P1766,79033b56d8536932,18-34,F
P1767,9dbf68e071e2c1bc,0-17,M
P1768,80bcebf41c4bf5f4,0-17,M
P1769,127d54786aaee6c1,55+,F
P1770,a58c687e9ba1fd69,0-17,M
P1771,76c9a5786955d7a2,55+,M
P1772,c69e01f1f8c5b49b,0-17,M
P1773,744d91a3215c2e07,55+,M
P1774,592a57960e979681,55+,F
P1775,aa9c9a278e9daba4,55+,F
P1776,79c820a505253bbf,18-34,F
P1777,3edbb9a7a8d4fe68,0-17,M
P1778,c6a585d0daae307a,35-54,F
P1779,bbc7f8fbd1e5e76a,55+,F
P1780,54ea7cded53f3952,55+,M
P1781,69439960bbccf2a6,35-54,M
P1781,69439960bbccf2a6,35-54,M
P1782,e93247d4c362e782,55+,F
P1783,b7ae89b9f6d5b4e1,18-34,F
P1784,611287edff2d9e60,55+,F
P1785,b72278ed23f19a8c,55+,F
P1786,d63e39fef866b582,55+,M
P1787,2a83efe6c04452bc,0-17,F
P1788,67bd11a206eac494,0-17,F
P1789,61c7785b723e9eea,0-17,M
P1790,c78855de749f50c7,0-17,F
P1791,0126b502a0b81082,55+,M
P1792,c341214938cd7c5e,18-34,M
P1793,7b3d44d6828e3b78,55+,M
P1794,eb49cf07d670d5e8,55+,F
P1795,a218dd6015610392,18-34,F
P1796,1ca865e5a1e1372e,18-34,M
P1797,95edae0cf7e42aad,35-54,F
P1798,43ed3ef0874d6ee4,55+,F
P1799,0bca6c5dd27f6abc,35-54,M
P1800,ffd7386b5130f996,18-34,M
P1801,0fe9c87d67d0d3d8,18-34,F
P1802,844bcfc3767694bb,0-17,M
P1803,604c9afd067fac61,55+,F
P1804,097d1730f877c5e9,35-54,F
P1805,515ee739d3b1e850,55+,F
P1806,fefc9ce1762c0616,18-34,F
P1807,6ae0b575caa42797,18-34,M
P1807,6ae0b575caa42797,18-34,M
P1808,8a476547d4cf963e,55+,M
P1809,6515520768c95a5f,0-17,M
P1810,fcba60f55cac7242,0-17,M
P1811,1881045f69a737bc,0-17,F
P1811,1881045f69a737bc,0-17,F
P1811,1881045f69a737bc,0-17,F
P1812,a2e1a6df1b20d757,35-54,F
P1813,a1807f6186c536cb,18-34,M
P1814,8827f01ea81cde4c,35-54,F
P1815,a8c00815d9ec2a5b,55+,F
P1816,7f8a4f8fcffd556d,35-54,F
P1817,739aa8b2a541b46e,18-34,M
P1818,60a3b7a0fd4cf4e8,55+,M
P1819,78e7fb09b2c2605c,18-34,M
P1820,b9c3c485ab3ab0dc,35-54,F
P1821,fe806d818988e5ee,55+,M
P1822,a5a552c1a898df14,55+,M
P1823,5ad895f805352bd0,55+,M
P1824,9d2990bf14adf289,35-54,M
P1825,f1e921ffaf861ea3,55+,M
P1826,a79cd23231a9a798,55+,M
P1827,381fb8bf617b85b1,18-34,F
P1828,6c969592dda6775e,35-54,F
P1829,e23805f15d55defc,0-17,M
P1830,5601c71b94b41720,0-17,M
P1831,8c7e78ce2506ea4d,35-54,F
P1832,2a8fcf287fa1e6f5,55+,F
P1833,1047b7c4faa338bb,35-54,M
P1834,7aa176d0a5f6a996,55+,M
P1835,ce3b655d194dc290,55+,M
P1836,fc778a3b0a051b6a,0-17,M
P1837,5f42312a213a9170,18-34,F
P1838,2fbfa19e0834526a,55+,M
P1839,b53cd664d3caa7d3,55+,M
P1840,087737d53c036a36,55+,M
P1841,115f110efe2c6529,0-17,M
P1842,a04db1b85ec66df8,18-34,F
P1843,569f51af9b49caaa,0-17,F
P1844,c754e805cc58c136,55+,F
P1845,26e8f177c9d0559c,55+,M
P1846,307ef25359a956e7,0-17,M
P1847,c7d426d2210ced26,0-17,F
P1848,b884baa483ed6346,18-34,M
P1849,948c642d934afce9,18-34,M
P1850,dbc90b3f96255394,35-54,F
P1851,593f65033553cc92,0-17,F
P1852,222944dd62e3dd9a,55+,F
P1853,80a3b499ead4cf5e,55+,F
P1854,3fed7f1a1fa568ae,18-34,M
P1855,565ce148b4243a51,55+,M
P1856,e9074183e4b94ca9,35-54,F
P1857,0e313068dce20d1a,55+,M
P1858,28f3c2a8d2b4e70a,0-17,F
P1858,28f3c2a8d2b4e70a,0-17,F
P1859,d86941865dd04287,55+,F
P1860,19298fd58334c257,35-54,M
P1861,0bbe39146e465d40,18-34,F
P1862,d271929afed56a5e,0-17,M
P1863,c34c08c1d9a4c7f2,0-17,M
P1864,cbce641144893404,55+,M
P1865,45c5d55fd120cacc,18-34,M
P1866,075f6dd5d6befe2e,55+,F
P1867,d54ca21a7e99cdc0,0-17,M
P1868,5c36f970d3364a38,55+,F
P1869,5a5bc2aa18d8d024,18-34,F
P1870,9e9cdc2bf4b91e70,55+,F
P1871,928e103b6e0df6c3,18-34,F
P1872,62b0b9ce01d516bf,0-17,M
P1873,f0dc16ef2ccee2c0,35-54,M
P1874,f63341a0a3770453,55+,F
P1875,208c5681bc690e4d,35-54,F
P1875,208c5681bc690e4d,35-54,F
P1876,03175f6d9373fae9,35-54,M
P1877,7f99da50ad19a494,0-17,F
P1878,6cb07625c8ce61e7,35-54,M
P1879,07b5816b6b729469,18-34,F
P1880,e0ba46c9a9df42b0,55+,M
P1881,1dd0605125724f7e,55+,F
P1882,21b69c3f33f23bff,55+,F
P1883,d7883315352f12fa,55+,M
P1884,256c5e44719e844b,55+,F
P1885,f4133d1257c4df22,18-34,F
P1886,27473346c866b66d,35-54,M
P1887,39a84d8257ff5af5,18-34,F
P1888,1418c015543bf9d7,18-34,M
P1889,735f21cdca87c0a6,55+,M
P1889,735f21cdca87c0a6,55+,M
P1890,a545e943ac485660,55+,F
P1891,370a5d9b1e3c152a,0-17,F
P1892,cd605f21ec12328c,55+,F
P1893,f319b5c2f49b3846,55+,F
P1894,b4af8df90f7c1395,55+,F
P1895,7a73ce2a7fc78ef3,18-34,F
P1896,d27c1e98bd8f296f,55+,F
P1897,92e8e78de5ea033f,0-17,M
P1898,459b89f1c1c07e4e,0-17,F
P1899,dc3fb10a20b2a80f,18-34,M
P1900,8889ac1b6cee312d,35-54,F
P1901,7bde81ceef815801,35-54,F
P1902,01dd0810ec8caf41,18-34,M
P1903,a2f873cca5e94c41,0-17,F
P1904,ff59c2683e6104bf,55+,F
P1905,cb5eb9abb34fe93c,55+,M
P1905,cb5eb9abb34fe93c,55+,M
P1906,f0837f4aff9d9153,55+,F
P1907,695819effb2e647c,0-17,F
P1908,9ad6433a1cac7324,55+,F
P1909,2bb472f799372f4d,0-17,M
P1910,bc5545f98fe1a69d,35-54,F
P1911,807002ae2042fbff,55+,F
P1912,459c92c1ea106c52,55+,F
P1912,459c92c1ea106c52,55+,F
P1913,86d87cbac905451c,55+,F
P1914,d1000269373ad872,55+,M
P1915,faec6ca7abdf3539,55+,M
P1916,f20f6de37622847b,0-17,F
P1917,05386f07f84abddb,18-34,F
P1918,793ee0f084c369d4,35-54,M
P1919,1fe36c46c82248b0,35-54,M
P1920,b80f0792f54b48b7,35-54,F
P1921,ddabb59a9826ea31,0-17,M
P1922,932990ec1a779758,55+,F
P1923,c46369250fdd0d07,18-34,M
P1924,eb351e94403b6f60,55+,M
P1925,8a16a7c19a04da54,18-34,M
P1926,5462e26b2c4f6949,55+,M
P1927,88f7f4237aee1892,18-34,F
P1928,b24576ecd2ed6403,0-17,M
P1929,9cf322668d271072,35-54,M
P1930,49062701bc172585,0-17,F
P1931,87299de25dd8eee7,0-17,M
P1931,87299de25dd8eee7,0-17,M
P1932,56cc2d140d764508,55+,M
P1933,6a1360631684f873,35-54,F
P1934,ecbb0131879dd730,35-54,M
P1935,1544a507557971e2,0-17,F
P1936,333341dd08ef9050,55+,F
P1937,ee9441f7b0448109,0-17,F
P1938,7eaf1e6c1630f0c8,18-34,F
P1939,a9486e6a9f078652,0-17,M
P1940,5f9fc9f7518e6c90,35-54,F
P1941,11e337e7f9c993d8,0-17,M
P1942,c6609517bbe9e32d,0-17,M
P1943,c298cecdba76c83f,18-34,M
P1944,9891e403b0f09d3e,0-17,M
P1944,9891e403b0f09d3e,0-17,M
P1945,214570e8e57cbbed,35-54,M
P1946,f6b417a876311203,0-17,M
P1947,3fd6c6a6cc99badc,0-17,M
P1948,9a13ba46d6144f96,35-54,M
P1949,2300988a2e179648,0-17,M
P1950,b590517c2d468b09,55+,M
P1951,b045b556f0eeb10f,55+,F
P1952,9f9f87a24f36fd58,55+,F
P1953,bb36064338c667e5,55+,F
P1954,017982ce514b5f52,0-17,M
P1955,1790ea86025b84f7,0-17,F
P1956,b937313b5cfe9f4c,55+,F
P1957,e91fa858f9a657e4,0-17,F
P1958,c6b1aec37b36e779,18-34,M
P1959,ae0406e331f05b6c,35-54,M
P1960,d645a3f176a42988,35-54,M
P1961,1a2d875e42cbcde5,35-54,M
P1962,aabeca9f6e3bb6fd,55+,F
P1963,ab1491ebbef53388,55+,F
P1964,a759aaee02294002,55+,F
P1965,6a8e25c32bd2561f,35-54,F
P1966,bec7829794a0ab00,55+,M
P1967,fb44a13edd72f14a,55+,M
P1968,16b9e2b63096c43d,0-17,M
P1969,729677210420f31c,18-34,F
P1970,0244fd087d97407e,55+,M
P1971,a2e5c8cc57d8e8c5,35-54,M
P1972,a4f6ec112797c512,0-17,F
P1973,148b9ad00dca1b3d,35-54,F
P1974,c40c05a54c634d27,55+,M
P1975,661416e3639271e2,18-34,M
P1976,3becf5df47bdff1d,55+,M
P1977,9585a6fe9fdeb56c,55+,M
P1978,cd9411366cb12a60,55+,M
P1979,7da056615e9de440,0-17,M
P1980,43d9bbdc091c85a2,0-17,F
P1981,0fc6a280223ac3cf,55+,F
P1982,5a34e3f3bfc32d19,18-34,F
P1982,5a34e3f3bfc32d19,18-34,F
P1983,431bbc9bb28a7a5e,35-54,M
P1984,15fd27eb5581a447,55+,F
P1985,881c00d2b84a6a00,35-54,M
P1985,881c00d2b84a6a00,35-54,M
P1986,42b2f00c2362470c,0-17,M
P1987,afbd94f1848fd410,55+,F
P1988,3582c605ea764053,55+,M
P1989,028cb64631392a37,18-34,M
P1990,1f68d46059da9b9a,55+,F
P1991,09d9f20b170cb65e,0-17,F
P1991,09d9f20b170cb65e,0-17,F
P1992,bc503e7c17113af4,55+,F
P1993,e7c39412523d8efa,35-54,M
P1994,202a18c1cead1aef,55+,F
P1994,202a18c1cead1aef,55+,F
P1995,ae811a447c699265,18-34,F
P1996,2271c9268b10ca16,35-54,M
P1997,b97880ebfd72f0c2,55+,F
P1998,34c9340fb7652ca4,35-54,F
P1999,dc8011c04d95da85,0-17,F
P1999,dc8011c04d95da85,0-17,F
